USE [AtelierDB];
GO

-- ============================================================
-- ЧАСТЬ 3: ЗАПОЛНЕНИЕ ДАННЫМИ
-- ============================================================

-- Типы клиентов
INSERT INTO ClientTypes (TypeName) VALUES 
(N'Физическое лицо'),
(N'Юридическое лицо');
GO

-- Клиенты (8 записей: физ. и юр. лица)
SET IDENTITY_INSERT Clients ON;
INSERT INTO Clients (ClientID, FirstName, LastName, CompanyName, Phone, Email, ClientTypeID) VALUES
(1, N'Анна',    N'Петрова',   NULL,                 N'8-901-111-11-11', N'anna@mail.ru',    1),
(2, N'Иван',    N'Сидоров',   NULL,                 N'8-902-222-22-22', N'ivan@mail.ru',    1),
(3, N'Мария',   N'Козлова',   NULL,                 N'8-903-333-33-33', N'maria@mail.ru',   1),
(4, NULL,        NULL,         N'ООО "Стиль"',       N'8-495-100-10-10', N'style@corp.ru',   2),
(5, NULL,        NULL,         N'ООО "Театр Мод"',   N'8-495-200-20-20', N'teatr@corp.ru',   2),
(6, N'Елена',   N'Новикова',  NULL,                 N'8-904-444-44-44', N'elena@mail.ru',   1),
(7, N'Дмитрий', N'Волков',    NULL,                 N'8-905-555-55-55', N'dmitry@mail.ru',  1),
(8, NULL,        NULL,         N'ИП Кузнецов А.В.',  N'8-495-300-30-30', N'kuznecov@ip.ru',  2);
SET IDENTITY_INSERT Clients OFF;
GO

-- Должности
INSERT INTO Positions (PositionName) VALUES
(N'Портной'),
(N'Закройщик'),
(N'Дизайнер'),
(N'Менеджер'),
(N'Швея');
GO

-- Сотрудники (6 записей)
SET IDENTITY_INSERT Employees ON;
INSERT INTO Employees (EmployeeID, FirstName, LastName, Phone, PositionID) VALUES
(1, N'Ольга',    N'Иванова',    N'8-910-001-00-01', 1),
(2, N'Светлана', N'Смирнова',   N'8-910-002-00-02', 2),
(3, N'Татьяна',  N'Федорова',   N'8-910-003-00-03', 3),
(4, N'Алексей',  N'Морозов',    N'8-910-004-00-04', 4),
(5, N'Наталья',  N'Попова',     N'8-910-005-00-05', 5),
(6, N'Екатерина',N'Лебедева',   N'8-910-006-00-06', 1);
SET IDENTITY_INSERT Employees OFF;
GO

-- Услуги ателье (7 записей)
INSERT INTO Services (ServiceName, BasePrice) VALUES
(N'Пошив платья',         5000.00),
(N'Пошив костюма',        8000.00),
(N'Пошив юбки',           2500.00),
(N'Подгонка по фигуре',   1500.00),
(N'Ремонт одежды',        800.00),
(N'Пошив пальто',         12000.00),
(N'Пошив рубашки',        3000.00);
GO

-- Материалы (8 записей)
SET IDENTITY_INSERT Materials ON;
INSERT INTO Materials (MaterialID, MaterialName, Color, Unit, CurrentStock, PurchasePrice) VALUES
(1, N'Шерсть',      N'Черный',   N'м',   120.00, 900.00),
(2, N'Хлопок',      N'Белый',    N'м',   200.00, 400.00),
(3, N'Шёлк',        N'Красный',  N'м',   45.00,  1500.00),
(4, N'Лён',         N'Бежевый',  N'м',   80.00,  600.00),
(5, N'Подкладка',   N'Серый',    N'м',   150.00, 200.00),
(6, N'Пуговицы',    NULL,        N'шт',  500.00, 15.00),
(7, N'Молния',      NULL,        N'шт',  300.00, 50.00),
(8, N'Нитки',       N'Разные',   N'кат', 100.00, 80.00);
SET IDENTITY_INSERT Materials OFF;
GO

-- Поставщики (4 записи)
SET IDENTITY_INSERT Suppliers ON;
INSERT INTO Suppliers (SupplierID, CompanyName, ContactPerson, Phone) VALUES
(1, N'ООО "ТканиОпт"',      N'Сергеев П.А.',  N'8-495-700-70-01'),
(2, N'ООО "Фурнитура+"',    N'Белова Т.И.',   N'8-495-700-70-02'),
(3, N'ИП Ткачёв',           N'Ткачёв А.М.',   N'8-495-700-70-03'),
(4, N'ООО "ТекстильПро"',   N'Орлова Н.С.',   N'8-495-700-70-04');
SET IDENTITY_INSERT Suppliers OFF;
GO

-- Поставки (5 записей)
SET IDENTITY_INSERT SupplyDeliveries ON;
INSERT INTO SupplyDeliveries (DeliveryID, SupplierID, DeliveryDate, TotalAmount) VALUES
(1, 1, '2025-09-01', 45000.00),
(2, 2, '2025-09-15', 12000.00),
(3, 3, '2025-10-01', 30000.00),
(4, 1, '2025-10-20', 36000.00),
(5, 4, '2025-11-05', 20000.00);
SET IDENTITY_INSERT SupplyDeliveries OFF;
GO

-- Детали поставок (триггер trg_AddStock пока не создан, вставляем без него)
-- Позже при создании триггера он будет работать на новые поставки
INSERT INTO SupplyDetails (DeliveryID, MaterialID, Quantity, PricePerUnit) VALUES
(1, 1, 50.00, 900.00),
(1, 2, 80.00, 400.00),
(2, 6, 200.00, 15.00),
(2, 7, 100.00, 50.00),
(3, 3, 20.00, 1500.00),
(4, 1, 40.00, 900.00),
(4, 4, 30.00, 600.00),
(5, 5, 100.00, 200.00);
GO

-- Заказы на пошив (8 записей)
SET IDENTITY_INSERT CustomOrders ON;
INSERT INTO CustomOrders (OrderID, ClientID, EmployeeID, OrderDate, DueDate, IsCompleted) VALUES
(1, 1, 1, '2025-09-10', '2025-09-25', 1),
(2, 2, 2, '2025-09-15', '2025-10-01', 1),
(3, 4, 1, '2025-10-01', '2025-10-20', 1),
(4, 3, 3, '2025-10-10', '2025-10-30', 1),
(5, 5, 2, '2025-11-01', '2025-11-20', 0),
(6, 6, 6, '2025-11-10', '2025-11-30', 0),
(7, 1, 1, '2025-11-15', '2025-12-05', 0),
(8, 7, 3, '2025-11-20', '2025-12-10', 0);
SET IDENTITY_INSERT CustomOrders OFF;
GO

-- Услуги в заказах
INSERT INTO OrderServices (OrderID, ServiceID, Quantity, AgreedPrice) VALUES
(1, 1, 1, 5000.00),   -- заказ 1: пошив платья
(2, 2, 1, 8500.00),   -- заказ 2: пошив костюма
(3, 2, 3, 24000.00),  -- заказ 3: 3 костюма для юр.лица
(4, 3, 1, 2500.00),   -- заказ 4: пошив юбки
(4, 4, 1, 1500.00),   -- заказ 4: + подгонка
(5, 6, 2, 24000.00),  -- заказ 5: 2 пальто
(6, 1, 1, 5500.00),   -- заказ 6: пошив платья
(7, 7, 2, 6000.00),   -- заказ 7: 2 рубашки
(8, 1, 1, 5000.00);   -- заказ 8: пошив платья
GO

-- Расход материалов на заказы
INSERT INTO OrderMaterials (OrderID, MaterialID, QuantityUsed) VALUES
(1, 3, 3.00),   -- заказ 1: шёлк на платье
(1, 8, 2.00),   -- заказ 1: нитки
(2, 1, 4.00),   -- заказ 2: шерсть на костюм
(2, 5, 2.00),   -- заказ 2: подкладка
(2, 6, 8.00),   -- заказ 2: пуговицы
(3, 1, 12.00),  -- заказ 3: шерсть на 3 костюма
(3, 5, 6.00),   -- заказ 3: подкладка
(4, 2, 2.00),   -- заказ 4: хлопок на юбку
(5, 1, 8.00),   -- заказ 5: шерсть на 2 пальто
(5, 5, 4.00),   -- заказ 5: подкладка
(6, 3, 3.50),   -- заказ 6: шёлк
(7, 2, 4.00),   -- заказ 7: хлопок на 2 рубашки
(8, 3, 3.00);   -- заказ 8: шёлк
GO

-- Готовая продукция (6 записей)
INSERT INTO FinishedProducts (ProductName, Size, Price, StockQuantity) VALUES
(N'Платье летнее',      N'S',  4500.00, 5),
(N'Платье летнее',      N'M',  4500.00, 3),
(N'Юбка офисная',       N'M',  2200.00, 7),
(N'Костюм мужской',     N'L',  9500.00, 2),
(N'Рубашка мужская',    N'M',  2800.00, 10),
(N'Пальто женское',     N'S',  11000.00, 1);
GO

-- Продажи готовой продукции (6 записей)
INSERT INTO ProductSales (ProductID, ClientID, SaleDate, Quantity, TotalSum) VALUES
(1, 3, '2025-09-20', 1, 4500.00),
(3, 1, '2025-09-25', 2, 4400.00),
(4, 4, '2025-10-05', 1, 9500.00),
(5, 2, '2025-10-10', 3, 8400.00),
(2, 6, '2025-11-01', 1, 4500.00),
(6, 5, '2025-11-10', 1, 11000.00);
GO


